{
  "Use Non-ASCII Font" : false,
  "Tags" : [

  ],
  "Ansi 12 Color" : {
    "Green Component" : 0.71372549019607845,
    "Red Component" : 0.023529411764705882,
    "Blue Component" : 0.93725490196078431
  },
  "Ansi 7 Color" : {
    "Green Component" : 0.61960784313725492,
    "Red Component" : 0.63921568627450975,
    "Blue Component" : 0.60784313725490191
  },
  "Ansi 8 Color" : {
    "Green Component" : 0.43137254901960786,
    "Red Component" : 0.46666666666666667,
    "Blue Component" : 0.44313725490196076
  },
  "Bold Color" : {
    "Green Component" : 0.61960784313725492,
    "Red Component" : 0.63921568627450975,
    "Blue Component" : 0.60784313725490191
  },
  "Ansi 9 Color" : {
    "Green Component" : 0.38039215686274508,
    "Red Component" : 0.93725490196078431,
    "Blue Component" : 0.33333333333333331
  },
  "Custom Directory" : "No",
  "Ansi 5 Color" : {
    "Green Component" : 0.35686274509803922,
    "Red Component" : 0.50588235294117645,
    "Blue Component" : 0.64313725490196083
  },
  "Rows" : 25,
  "Default Bookmark" : "No",
  "Cursor Guide Color" : {
    "Red Component" : 0.70213186740875244,
    "Color Space" : "sRGB",
    "Blue Component" : 1,
    "Alpha Component" : 0.25,
    "Green Component" : 0.9268307089805603
  },
  "Non-ASCII Anti Aliased" : true,
  "Use Bright Bold" : true,
  "Ansi 10 Color" : {
    "Green Component" : 0.71372549019607845,
    "Red Component" : 0.28235294117647058,
    "Blue Component" : 0.52156862745098043
  },
  "Ambiguous Double Width" : false,
  "Jobs to Ignore" : [
    "rlogin",
    "ssh",
    "slogin",
    "telnet"
  ],
  "Ansi 15 Color" : {
    "Green Component" : 0.9137254901960784,
    "Red Component" : 0.90588235294117647,
    "Blue Component" : 0.85882352941176465
  },
  "Foreground Color" : {
    "Green Component" : 0.61960784313725492,
    "Red Component" : 0.63921568627450975,
    "Blue Component" : 0.60784313725490191
  },
  "Working Directory" : "\/Users\/mtalebi",
  "Blinking Cursor" : false,
  "Disable Window Resizing" : true,
  "Sync Title" : false,
  "Prompt Before Closing 2" : false,
  "BM Growl" : true,
  "Command" : "",
  "Description" : "Default",
  "Mouse Reporting" : true,
  "Screen" : -1,
  "Selection Color" : {
    "Green Component" : 0.25882352941176473,
    "Red Component" : 0.30980392156862746,
    "Blue Component" : 0.29803921568627451
  },
  "Columns" : 80,
  "Idle Code" : 0,
  "Ansi 13 Color" : {
    "Green Component" : 0.35686274509803922,
    "Red Component" : 0.50588235294117645,
    "Blue Component" : 0.64313725490196083
  },
  "Custom Command" : "No",
  "ASCII Anti Aliased" : true,
  "Non Ascii Font" : "Monaco 12",
  "Vertical Spacing" : 1,
  "Use Bold Font" : true,
  "Option Key Sends" : 2,
  "Selected Text Color" : {
    "Green Component" : 0.61960784313725492,
    "Red Component" : 0.63921568627450975,
    "Blue Component" : 0.60784313725490191
  },
  "Background Color" : {
    "Green Component" : 0.11764705882352941,
    "Red Component" : 0.18431372549019609,
    "Blue Component" : 0.1803921568627451
  },
  "Character Encoding" : 4,
  "Ansi 11 Color" : {
    "Green Component" : 0.7686274509803922,
    "Red Component" : 0.99607843137254903,
    "Blue Component" : 0.094117647058823528
  },
  "Use Italic Font" : true,
  "Unlimited Scrollback" : false,
  "Keyboard Map" : {
    "0xf700-0x260000" : {
      "Action" : 10,
      "Text" : "[1;6A"
    },
    "0x37-0x40000" : {
      "Action" : 11,
      "Text" : "0x1f"
    },
    "0x32-0x40000" : {
      "Action" : 11,
      "Text" : "0x00"
    },
    "0xf709-0x20000" : {
      "Action" : 10,
      "Text" : "[17;2~"
    },
    "0xf70c-0x20000" : {
      "Action" : 10,
      "Text" : "[20;2~"
    },
    "0xf729-0x20000" : {
      "Action" : 10,
      "Text" : "[1;2H"
    },
    "0xf72b-0x40000" : {
      "Action" : 10,
      "Text" : "[1;5F"
    },
    "0xf705-0x20000" : {
      "Action" : 10,
      "Text" : "[1;2Q"
    },
    "0xf703-0x260000" : {
      "Action" : 10,
      "Text" : "[1;6C"
    },
    "0xf700-0x220000" : {
      "Action" : 10,
      "Text" : "[1;2A"
    },
    "0xf701-0x280000" : {
      "Action" : 11,
      "Text" : "0x1b 0x1b 0x5b 0x42"
    },
    "0x38-0x40000" : {
      "Action" : 11,
      "Text" : "0x7f"
    },
    "0x33-0x40000" : {
      "Action" : 11,
      "Text" : "0x1b"
    },
    "0xf703-0x220000" : {
      "Action" : 10,
      "Text" : "[1;2C"
    },
    "0xf701-0x240000" : {
      "Action" : 10,
      "Text" : "[1;5B"
    },
    "0xf70d-0x20000" : {
      "Action" : 10,
      "Text" : "[21;2~"
    },
    "0xf702-0x260000" : {
      "Action" : 10,
      "Text" : "[1;6D"
    },
    "0xf729-0x40000" : {
      "Action" : 10,
      "Text" : "[1;5H"
    },
    "0xf706-0x20000" : {
      "Action" : 10,
      "Text" : "[1;2R"
    },
    "0x34-0x40000" : {
      "Action" : 11,
      "Text" : "0x1c"
    },
    "0xf700-0x280000" : {
      "Action" : 11,
      "Text" : "0x1b 0x1b 0x5b 0x41"
    },
    "0x2d-0x40000" : {
      "Action" : 11,
      "Text" : "0x1f"
    },
    "0xf70e-0x20000" : {
      "Action" : 10,
      "Text" : "[23;2~"
    },
    "0xf702-0x220000" : {
      "Action" : 10,
      "Text" : "[1;2D"
    },
    "0xf703-0x280000" : {
      "Action" : 11,
      "Text" : "0x1b 0x1b 0x5b 0x43"
    },
    "0xf700-0x240000" : {
      "Action" : 10,
      "Text" : "[1;5A"
    },
    "0xf707-0x20000" : {
      "Action" : 10,
      "Text" : "[1;2S"
    },
    "0xf70a-0x20000" : {
      "Action" : 10,
      "Text" : "[18;2~"
    },
    "0x35-0x40000" : {
      "Action" : 11,
      "Text" : "0x1d"
    },
    "0xf70f-0x20000" : {
      "Action" : 10,
      "Text" : "[24;2~"
    },
    "0xf703-0x240000" : {
      "Action" : 10,
      "Text" : "[1;5C"
    },
    "0xf701-0x260000" : {
      "Action" : 10,
      "Text" : "[1;6B"
    },
    "0xf702-0x280000" : {
      "Action" : 11,
      "Text" : "0x1b 0x1b 0x5b 0x44"
    },
    "0xf72b-0x20000" : {
      "Action" : 10,
      "Text" : "[1;2F"
    },
    "0x36-0x40000" : {
      "Action" : 11,
      "Text" : "0x1e"
    },
    "0xf708-0x20000" : {
      "Action" : 10,
      "Text" : "[15;2~"
    },
    "0xf701-0x220000" : {
      "Action" : 10,
      "Text" : "[1;2B"
    },
    "0xf70b-0x20000" : {
      "Action" : 10,
      "Text" : "[19;2~"
    },
    "0xf702-0x240000" : {
      "Action" : 10,
      "Text" : "[1;5D"
    },
    "0xf704-0x20000" : {
      "Action" : 10,
      "Text" : "[1;2P"
    }
  },
  "Window Type" : 0,
  "Background Image Location" : "",
  "Blur" : false,
  "Badge Color" : {
    "Red Component" : 1,
    "Color Space" : "sRGB",
    "Blue Component" : 0,
    "Alpha Component" : 0.5,
    "Green Component" : 0.1491314172744751
  },
  "Scrollback Lines" : 1000,
  "Send Code When Idle" : false,
  "Close Sessions On End" : true,
  "Terminal Type" : "xterm-256color",
  "Visual Bell" : true,
  "Flashing Bell" : false,
  "Silence Bell" : false,
  "Ansi 14 Color" : {
    "Green Component" : 0.7686274509803922,
    "Red Component" : 0.35686274509803922,
    "Blue Component" : 0.74901960784313726
  },
  "Name" : "Default",
  "Cursor Text Color" : {
    "Green Component" : 0.11764705882352941,
    "Red Component" : 0.18431372549019609,
    "Blue Component" : 0.1803921568627451
  },
  "Shortcut" : "",
  "Cursor Color" : {
    "Green Component" : 0.61960784313725492,
    "Red Component" : 0.63921568627450975,
    "Blue Component" : 0.60784313725490191
  },
  "Ansi 0 Color" : {
    "Green Component" : 0.11764705882352941,
    "Red Component" : 0.18431372549019609,
    "Blue Component" : 0.1803921568627451
  },
  "Ansi 1 Color" : {
    "Green Component" : 0.38039215686274508,
    "Red Component" : 0.93725490196078431,
    "Blue Component" : 0.33333333333333331
  },
  "Ansi 2 Color" : {
    "Green Component" : 0.71372549019607845,
    "Red Component" : 0.28235294117647058,
    "Blue Component" : 0.52156862745098043
  },
  "Ansi 3 Color" : {
    "Green Component" : 0.7686274509803922,
    "Red Component" : 0.99607843137254903,